"Track URI","Track Name","Artist URI(s)","Artist Name(s)","Album URI","Album Name","Album Artist URI(s)","Album Artist Name(s)","Album Release Date","Album Image URL","Disc Number","Track Number","Track Duration (ms)","Track Preview URL","Explicit","Popularity","ISRC","Added By","Added At"
"spotify:track:0bORa4VpL8NzyMXEI6UFGK","Long Road To Ruin","spotify:artist:7jy3rLJdDQY21OgRLCZ9sD","Foo Fighters","spotify:album:3ilXDEG0xiajK8AbqboeJz","Echoes, Silence, Patience & Grace","spotify:artist:7jy3rLJdDQY21OgRLCZ9sD","Foo Fighters","2007-09-25","https://i.scdn.co/image/ab67616d0000b2739d957247c6c610cb7c4da1c5","1","4","224804","https://p.scdn.co/mp3-preview/98f670237c4edaedf9e244f7c30d7d823d13a00c?cid=9950ac751e34487dbbe027c4fd7f8e99","false","59","USRW30700010","spotify:user:212evkjibuisarid6stvinxoq","2026-03-18T19:52:24Z"
"spotify:track:4NPI2n6mINvcgNejPefpoY","Lonely As You","spotify:artist:7jy3rLJdDQY21OgRLCZ9sD","Foo Fighters","spotify:album:1zQ6F8gMagKcPL4SoA80cx","One By One (Expanded Edition)","spotify:artist:7jy3rLJdDQY21OgRLCZ9sD","Foo Fighters","2002-10-22","https://i.scdn.co/image/ab67616d0000b273bfff163b0602156a983fa079","1","8","277146","https://p.scdn.co/mp3-preview/08f76b523c82d3ca902ab074ab9effbb1beb2296?cid=9950ac751e34487dbbe027c4fd7f8e99","false","40","USRW30200009","spotify:user:212evkjibuisarid6stvinxoq","2026-03-18T19:52:29Z"
"spotify:track:2XvrMHbSO077Ajg7QTTNdY","Let It Die","spotify:artist:7jy3rLJdDQY21OgRLCZ9sD","Foo Fighters","spotify:album:3ilXDEG0xiajK8AbqboeJz","Echoes, Silence, Patience & Grace","spotify:artist:7jy3rLJdDQY21OgRLCZ9sD","Foo Fighters","2007-09-25","https://i.scdn.co/image/ab67616d0000b2739d957247c6c610cb7c4da1c5","1","2","245269","https://p.scdn.co/mp3-preview/706f37e35dee5498e0a0f4161e20388183c5db85?cid=9950ac751e34487dbbe027c4fd7f8e99","false","57","USRW30700008","spotify:user:212evkjibuisarid6stvinxoq","2026-03-18T19:53:11Z"
"spotify:track:5TOYgNohZAFEPOtnchPhZS","Arlandria","spotify:artist:7jy3rLJdDQY21OgRLCZ9sD","Foo Fighters","spotify:album:5lnQLEUiVDkLbFJHXHQu9m","Wasting Light","spotify:artist:7jy3rLJdDQY21OgRLCZ9sD","Foo Fighters","2011-04-12","https://i.scdn.co/image/ab67616d0000b273fc14d5117520d5bce369a543","1","5","267445","https://p.scdn.co/mp3-preview/4108e874b02c7a800ec03f6a7a0a596d14662c36?cid=9950ac751e34487dbbe027c4fd7f8e99","false","59","USRW31100007","spotify:user:212evkjibuisarid6stvinxoq","2026-03-18T19:53:55Z"
"spotify:track:6HeFCUg1F1v0bnE3JFTlxz","Dear Rosemary","spotify:artist:7jy3rLJdDQY21OgRLCZ9sD","Foo Fighters","spotify:album:5lnQLEUiVDkLbFJHXHQu9m","Wasting Light","spotify:artist:7jy3rLJdDQY21OgRLCZ9sD","Foo Fighters","2011-04-12","https://i.scdn.co/image/ab67616d0000b273fc14d5117520d5bce369a543","1","3","265944","https://p.scdn.co/mp3-preview/71e8c471ffdf9c9d072e1aed08087a69d6842b2f?cid=9950ac751e34487dbbe027c4fd7f8e99","false","54","USRW31100005","spotify:user:212evkjibuisarid6stvinxoq","2026-03-18T19:54:12Z"
"spotify:track:7v0mtl6oInUtHOmTk2b0gC","Rope","spotify:artist:7jy3rLJdDQY21OgRLCZ9sD","Foo Fighters","spotify:album:5lnQLEUiVDkLbFJHXHQu9m","Wasting Light","spotify:artist:7jy3rLJdDQY21OgRLCZ9sD","Foo Fighters","2011-04-12","https://i.scdn.co/image/ab67616d0000b273fc14d5117520d5bce369a543","1","2","258039","https://p.scdn.co/mp3-preview/722daa3bbeda3be0598f02fc22fe8d504fcb6031?cid=9950ac751e34487dbbe027c4fd7f8e99","false","62","USRW31100001","spotify:user:212evkjibuisarid6stvinxoq","2026-03-18T19:54:22Z"
"spotify:track:76Je5Wklky23mVoxiRszcN","Walk","spotify:artist:7jy3rLJdDQY21OgRLCZ9sD","Foo Fighters","spotify:album:5lnQLEUiVDkLbFJHXHQu9m","Wasting Light","spotify:artist:7jy3rLJdDQY21OgRLCZ9sD","Foo Fighters","2011-04-12","https://i.scdn.co/image/ab67616d0000b273fc14d5117520d5bce369a543","1","11","257376","https://p.scdn.co/mp3-preview/dace3c68c15eefa3174dc096dfa9a37f837ed004?cid=9950ac751e34487dbbe027c4fd7f8e99","false","70","USRW31100002","spotify:user:212evkjibuisarid6stvinxoq","2026-03-18T19:54:29Z"
"spotify:track:0bHD1nLe7Nhw55ZGJ92332","Bridge Burning","spotify:artist:7jy3rLJdDQY21OgRLCZ9sD","Foo Fighters","spotify:album:5lnQLEUiVDkLbFJHXHQu9m","Wasting Light","spotify:artist:7jy3rLJdDQY21OgRLCZ9sD","Foo Fighters","2011-04-12","https://i.scdn.co/image/ab67616d0000b273fc14d5117520d5bce369a543","1","1","285825","https://p.scdn.co/mp3-preview/424abaa8fd2b04e124f3b4bf802a1773006deb8e?cid=9950ac751e34487dbbe027c4fd7f8e99","false","58","USRW31100004","spotify:user:212evkjibuisarid6stvinxoq","2026-03-18T19:54:54Z"
"spotify:track:46GHi1UJz1yEumZcMkbJN9","A Matter Of Time","spotify:artist:7jy3rLJdDQY21OgRLCZ9sD","Foo Fighters","spotify:album:5lnQLEUiVDkLbFJHXHQu9m","Wasting Light","spotify:artist:7jy3rLJdDQY21OgRLCZ9sD","Foo Fighters","2011-04-12","https://i.scdn.co/image/ab67616d0000b273fc14d5117520d5bce369a543","1","8","275437","https://p.scdn.co/mp3-preview/cd61fa622520c5d5ccd4ba6b28742af9a531cfb4?cid=9950ac751e34487dbbe027c4fd7f8e99","false","49","USRW31100010","spotify:user:212evkjibuisarid6stvinxoq","2026-03-18T19:55:20Z"
"spotify:track:042RaY48TNY9aesv8fqYTf","I Should Have Known","spotify:artist:7jy3rLJdDQY21OgRLCZ9sD","Foo Fighters","spotify:album:5lnQLEUiVDkLbFJHXHQu9m","Wasting Light","spotify:artist:7jy3rLJdDQY21OgRLCZ9sD","Foo Fighters","2011-04-12","https://i.scdn.co/image/ab67616d0000b273fc14d5117520d5bce369a543","1","10","255114","https://p.scdn.co/mp3-preview/f57df8459e84c6d23e370e78be5c78558525cf9b?cid=9950ac751e34487dbbe027c4fd7f8e99","false","47","USRW31100012","spotify:user:212evkjibuisarid6stvinxoq","2026-03-18T19:55:36Z"
"spotify:track:2kN05N1AQQplsgFweFAqYb","These Days","spotify:artist:7jy3rLJdDQY21OgRLCZ9sD","Foo Fighters","spotify:album:5lnQLEUiVDkLbFJHXHQu9m","Wasting Light","spotify:artist:7jy3rLJdDQY21OgRLCZ9sD","Foo Fighters","2011-04-12","https://i.scdn.co/image/ab67616d0000b273fc14d5117520d5bce369a543","1","6","297971","https://p.scdn.co/mp3-preview/d7583617922f5df54e2ec97eb7643fba08a9035d?cid=9950ac751e34487dbbe027c4fd7f8e99","false","65","USRW31100008","spotify:user:212evkjibuisarid6stvinxoq","2026-03-18T19:56:40Z"
"spotify:track:57dem1V7wz8owejklpELCh","White Limo","spotify:artist:7jy3rLJdDQY21OgRLCZ9sD","Foo Fighters","spotify:album:5lnQLEUiVDkLbFJHXHQu9m","Wasting Light","spotify:artist:7jy3rLJdDQY21OgRLCZ9sD","Foo Fighters","2011-04-12","https://i.scdn.co/image/ab67616d0000b273fc14d5117520d5bce369a543","1","4","202051","https://p.scdn.co/mp3-preview/46722f566782edffdd2ea6692e44df51c7f284c9?cid=9950ac751e34487dbbe027c4fd7f8e99","false","51","USRW31100006","spotify:user:212evkjibuisarid6stvinxoq","2026-03-18T19:56:46Z"
"spotify:track:6tsojOQ5wHaIjKqIryLZK6","All My Life","spotify:artist:7jy3rLJdDQY21OgRLCZ9sD","Foo Fighters","spotify:album:1zQ6F8gMagKcPL4SoA80cx","One By One (Expanded Edition)","spotify:artist:7jy3rLJdDQY21OgRLCZ9sD","Foo Fighters","2002-10-22","https://i.scdn.co/image/ab67616d0000b273bfff163b0602156a983fa079","1","1","263440","https://p.scdn.co/mp3-preview/f3cf56a45924d4cecd7ed50becfa51ec84a41e3c?cid=9950ac751e34487dbbe027c4fd7f8e99","false","74","USRW30200001","spotify:user:212evkjibuisarid6stvinxoq","2026-03-18T19:56:56Z"
"spotify:track:7dIh8FF0EzYKS8STv3v4F4","Aurora","spotify:artist:7jy3rLJdDQY21OgRLCZ9sD","Foo Fighters","spotify:album:28q2N44ocJECgf8sbHEDfY","There Is Nothing Left To Lose","spotify:artist:7jy3rLJdDQY21OgRLCZ9sD","Foo Fighters","1999-11-02","https://i.scdn.co/image/ab67616d0000b2736c52084ed1f1748f213783b3","1","6","349680","https://p.scdn.co/mp3-preview/94f0940f94fe0ffba506340c908c27b7316f701a?cid=9950ac751e34487dbbe027c4fd7f8e99","false","56","USRW39900007","spotify:user:212evkjibuisarid6stvinxoq","2026-03-18T19:57:31Z"
"spotify:track:2kh0u2d2YKQ7BCqeLPdHk6","Breakout","spotify:artist:7jy3rLJdDQY21OgRLCZ9sD","Foo Fighters","spotify:album:28q2N44ocJECgf8sbHEDfY","There Is Nothing Left To Lose","spotify:artist:7jy3rLJdDQY21OgRLCZ9sD","Foo Fighters","1999-11-02","https://i.scdn.co/image/ab67616d0000b2736c52084ed1f1748f213783b3","1","2","200800","https://p.scdn.co/mp3-preview/216c7da3f744d354b2f9f7954bc5f36dd0109b5b?cid=9950ac751e34487dbbe027c4fd7f8e99","false","60","USRW39900004","spotify:user:212evkjibuisarid6stvinxoq","2026-03-18T19:57:48Z"
"spotify:track:1WwWjG2FGbBK6IkBBTknao","Next Year","spotify:artist:7jy3rLJdDQY21OgRLCZ9sD","Foo Fighters","spotify:album:28q2N44ocJECgf8sbHEDfY","There Is Nothing Left To Lose","spotify:artist:7jy3rLJdDQY21OgRLCZ9sD","Foo Fighters","1999-11-02","https://i.scdn.co/image/ab67616d0000b2736c52084ed1f1748f213783b3","1","8","276213","https://p.scdn.co/mp3-preview/71d153b59016d9292a30063419449a605fd351b2?cid=9950ac751e34487dbbe027c4fd7f8e99","false","51","USRW39900009","spotify:user:212evkjibuisarid6stvinxoq","2026-03-18T19:57:53Z"
"spotify:track:6vWu5uWlox5TVDPl3LvoG3","Under You","spotify:artist:7jy3rLJdDQY21OgRLCZ9sD","Foo Fighters","spotify:album:4wp4aWWpoYfNcspimVAnel","But Here We Are","spotify:artist:7jy3rLJdDQY21OgRLCZ9sD","Foo Fighters","2023-06-02","https://i.scdn.co/image/ab67616d0000b2736fc1b2193f39c1eac7ad253d","1","2","219393","https://p.scdn.co/mp3-preview/a4e5e7fa84b4d262871f4eedfcfa87be72c4d547?cid=9950ac751e34487dbbe027c4fd7f8e99","false","56","USRW32300017","spotify:user:212evkjibuisarid6stvinxoq","2026-03-18T19:58:12Z"
"spotify:track:5s18NymFEHOtiUMfVr6E3H","But Here We Are","spotify:artist:7jy3rLJdDQY21OgRLCZ9sD","Foo Fighters","spotify:album:4wp4aWWpoYfNcspimVAnel","But Here We Are","spotify:artist:7jy3rLJdDQY21OgRLCZ9sD","Foo Fighters","2023-06-02","https://i.scdn.co/image/ab67616d0000b2736fc1b2193f39c1eac7ad253d","1","4","283469","https://p.scdn.co/mp3-preview/aff893b42ed6bd65b2841e3a699f63a163fcfe3a?cid=9950ac751e34487dbbe027c4fd7f8e99","false","50","USRW32300019","spotify:user:212evkjibuisarid6stvinxoq","2026-03-18T19:58:23Z"
"spotify:track:3nDstVXtr6xbCZKs5Ka2rZ","Rescued","spotify:artist:7jy3rLJdDQY21OgRLCZ9sD","Foo Fighters","spotify:album:4wp4aWWpoYfNcspimVAnel","But Here We Are","spotify:artist:7jy3rLJdDQY21OgRLCZ9sD","Foo Fighters","2023-06-02","https://i.scdn.co/image/ab67616d0000b2736fc1b2193f39c1eac7ad253d","1","1","258648","https://p.scdn.co/mp3-preview/f3760c3be47e5fbfeb49aa9c1ad3e92d2c5270e0?cid=9950ac751e34487dbbe027c4fd7f8e99","false","54","USRW32300016","spotify:user:212evkjibuisarid6stvinxoq","2026-03-18T19:58:52Z"
"spotify:track:67vYdAAM3oGsEImCRfbtsF","Times Like These","spotify:artist:7jy3rLJdDQY21OgRLCZ9sD","Foo Fighters","spotify:album:1zQ6F8gMagKcPL4SoA80cx","One By One (Expanded Edition)","spotify:artist:7jy3rLJdDQY21OgRLCZ9sD","Foo Fighters","2002-10-22","https://i.scdn.co/image/ab67616d0000b273bfff163b0602156a983fa079","1","4","265560","https://p.scdn.co/mp3-preview/5468f9a74849b4288caced1fcaa6e40d3e4880cf?cid=9950ac751e34487dbbe027c4fd7f8e99","false","72","USRW30200005","spotify:user:212evkjibuisarid6stvinxoq","2026-03-18T19:59:40Z"
"spotify:track:5OQsiBsky2k2kDKy2bX2eT","Learn to Fly","spotify:artist:7jy3rLJdDQY21OgRLCZ9sD","Foo Fighters","spotify:album:28q2N44ocJECgf8sbHEDfY","There Is Nothing Left To Lose","spotify:artist:7jy3rLJdDQY21OgRLCZ9sD","Foo Fighters","1999-11-02","https://i.scdn.co/image/ab67616d0000b2736c52084ed1f1748f213783b3","1","3","235293","https://p.scdn.co/mp3-preview/410537fea88c9d30eb7642d14f4658dd9b34afec?cid=9950ac751e34487dbbe027c4fd7f8e99","false","78","USRW39900002","spotify:user:212evkjibuisarid6stvinxoq","2026-03-18T19:59:42Z"
"spotify:track:4dVbhS6OiYvFikshyaQaCN","My Hero","spotify:artist:7jy3rLJdDQY21OgRLCZ9sD","Foo Fighters","spotify:album:30ly6F6Xl0TKmyBCU50Khv","The Colour And The Shape","spotify:artist:7jy3rLJdDQY21OgRLCZ9sD","Foo Fighters","1997-05-20","https://i.scdn.co/image/ab67616d0000b2734bc9bcdbdc9ac34e37d8b6bb","1","7","260026","https://p.scdn.co/mp3-preview/5ffdbc197d59a4bc15611a49ef51f23009432dbb?cid=9950ac751e34487dbbe027c4fd7f8e99","false","79","USRW29600007","spotify:user:212evkjibuisarid6stvinxoq","2026-03-18T19:59:42Z"
"spotify:track:592nTDJAy8AucV4KKIDCmA","Generator","spotify:artist:7jy3rLJdDQY21OgRLCZ9sD","Foo Fighters","spotify:album:28q2N44ocJECgf8sbHEDfY","There Is Nothing Left To Lose","spotify:artist:7jy3rLJdDQY21OgRLCZ9sD","Foo Fighters","1999-11-02","https://i.scdn.co/image/ab67616d0000b2736c52084ed1f1748f213783b3","1","5","227560","https://p.scdn.co/mp3-preview/cced1a74face8d7cf54b525d4ea68fc10defa2a9?cid=9950ac751e34487dbbe027c4fd7f8e99","false","56","USRW39900006","spotify:user:212evkjibuisarid6stvinxoq","2026-03-19T00:33:30Z"
"spotify:track:3QmesrvdbPjwf7i40nht1D","Everlong - Acoustic Version","spotify:artist:7jy3rLJdDQY21OgRLCZ9sD","Foo Fighters","spotify:album:1zCNrbPpz5OLSr6mSpPdKm","Greatest Hits","spotify:artist:7jy3rLJdDQY21OgRLCZ9sD","Foo Fighters","2009-11-03","https://i.scdn.co/image/ab67616d0000b273136d7250568820409f8fdd60","1","16","250906","https://p.scdn.co/mp3-preview/2e6b93a170949138d3518cd0325edd4387a7a087?cid=9950ac751e34487dbbe027c4fd7f8e99","false","69","USRW30900002","spotify:user:212evkjibuisarid6stvinxoq","2026-03-19T00:33:42Z"
"spotify:track:26iWAXoJRiUv9yYzxYBqSv","The Glass","spotify:artist:7jy3rLJdDQY21OgRLCZ9sD","Foo Fighters","spotify:album:4wp4aWWpoYfNcspimVAnel","But Here We Are","spotify:artist:7jy3rLJdDQY21OgRLCZ9sD","Foo Fighters","2023-06-02","https://i.scdn.co/image/ab67616d0000b2736fc1b2193f39c1eac7ad253d","1","5","229783","https://p.scdn.co/mp3-preview/9f089c6372019451a5ba0060d86cab48fa037cb2?cid=9950ac751e34487dbbe027c4fd7f8e99","false","51","USRW32300020","spotify:user:212evkjibuisarid6stvinxoq","2026-03-19T00:34:00Z"
"spotify:track:0csL34JYEsHmFBAZ1fgf8G","Nothing At All","spotify:artist:7jy3rLJdDQY21OgRLCZ9sD","Foo Fighters","spotify:album:4wp4aWWpoYfNcspimVAnel","But Here We Are","spotify:artist:7jy3rLJdDQY21OgRLCZ9sD","Foo Fighters","2023-06-02","https://i.scdn.co/image/ab67616d0000b2736fc1b2193f39c1eac7ad253d","1","6","207780","https://p.scdn.co/mp3-preview/ad62633f554a31d924ccafb101194e476474c1aa?cid=9950ac751e34487dbbe027c4fd7f8e99","false","52","USRW32300021","spotify:user:212evkjibuisarid6stvinxoq","2026-03-19T00:34:08Z"
"spotify:track:6pb5BBnIM5IM7R1cqag6rE","Big Me","spotify:artist:7jy3rLJdDQY21OgRLCZ9sD","Foo Fighters","spotify:album:4EnNuo8fG7dMoxMefbApRY","Foo Fighters","spotify:artist:7jy3rLJdDQY21OgRLCZ9sD","Foo Fighters","1995-07-04","https://i.scdn.co/image/ab67616d0000b27352844939eaf38ec62110fcde","1","3","132840","https://p.scdn.co/mp3-preview/e6b7ad383be6535548ed2dd0709e3ff724910e3c?cid=9950ac751e34487dbbe027c4fd7f8e99","false","63","USRW29500002","spotify:user:212evkjibuisarid6stvinxoq","2026-03-19T00:34:27Z"
"spotify:track:5DaQcH3Xc1gVGb4w3RJSmR","Walking After You - Single Mix","spotify:artist:7jy3rLJdDQY21OgRLCZ9sD","Foo Fighters","spotify:album:0K73wqY6bbO0E2h4uCdgT6","00979725","spotify:artist:7jy3rLJdDQY21OgRLCZ9sD","Foo Fighters","2019-12-20","https://i.scdn.co/image/ab67616d0000b27395ee6cf07f4cbfad6ff574ef","1","6","248000","https://p.scdn.co/mp3-preview/b76e3e7b7313d9a29c61797d708fc2a93e1bb643?cid=9950ac751e34487dbbe027c4fd7f8e99","false","38","USRW31900015","spotify:user:212evkjibuisarid6stvinxoq","2026-03-19T00:35:50Z"
"spotify:track:503EAR0obBJvbjiHYw3FNI","See You - Acoustic","spotify:artist:7jy3rLJdDQY21OgRLCZ9sD","Foo Fighters","spotify:album:0K73wqY6bbO0E2h4uCdgT6","00979725","spotify:artist:7jy3rLJdDQY21OgRLCZ9sD","Foo Fighters","2019-12-20","https://i.scdn.co/image/ab67616d0000b27395ee6cf07f4cbfad6ff574ef","1","2","147720","https://p.scdn.co/mp3-preview/5009d2662fed3b11cd9c704fa21f96faff80e138?cid=9950ac751e34487dbbe027c4fd7f8e99","false","23","USRW30700006","spotify:user:212evkjibuisarid6stvinxoq","2026-03-19T00:36:08Z"
"spotify:track:2ifYUfvMNbXQDPJEyk68rP","Ain't It The Life","spotify:artist:7jy3rLJdDQY21OgRLCZ9sD","Foo Fighters","spotify:album:28q2N44ocJECgf8sbHEDfY","There Is Nothing Left To Lose","spotify:artist:7jy3rLJdDQY21OgRLCZ9sD","Foo Fighters","1999-11-02","https://i.scdn.co/image/ab67616d0000b2736c52084ed1f1748f213783b3","1","10","254773","https://p.scdn.co/mp3-preview/c93e74d1c4c3b5965f88e92b597ce06a06c07945?cid=9950ac751e34487dbbe027c4fd7f8e99","false","47","USRW39900011","spotify:user:212evkjibuisarid6stvinxoq","2026-03-19T00:36:41Z"
"spotify:track:7bdUH0npz854dv3plG8ieT","Saint Cecilia","spotify:artist:7jy3rLJdDQY21OgRLCZ9sD","Foo Fighters","spotify:album:6wGcuJq8QjSeoYMJWgW7Wo","Saint Cecilia EP","spotify:artist:7jy3rLJdDQY21OgRLCZ9sD","Foo Fighters","2015-11-23","https://i.scdn.co/image/ab67616d0000b273f590e3724ac6145403177b7b","1","1","221666","https://p.scdn.co/mp3-preview/9260f5ed336ef5b6a94d906bfdd3d1bc5c90a695?cid=9950ac751e34487dbbe027c4fd7f8e99","false","55","USRW31500013","spotify:user:212evkjibuisarid6stvinxoq","2026-03-19T00:37:03Z"
"spotify:track:4P4s2KHOw0uISbLI3zkHtD","Come Alive","spotify:artist:7jy3rLJdDQY21OgRLCZ9sD","Foo Fighters","spotify:album:3ilXDEG0xiajK8AbqboeJz","Echoes, Silence, Patience & Grace","spotify:artist:7jy3rLJdDQY21OgRLCZ9sD","Foo Fighters","2007-09-25","https://i.scdn.co/image/ab67616d0000b2739d957247c6c610cb7c4da1c5","1","5","310470","https://p.scdn.co/mp3-preview/e1a1576affeef8ed4fe15bba06ed7b5d16f3a9df?cid=9950ac751e34487dbbe027c4fd7f8e99","false","52","USRW30700011","spotify:user:212evkjibuisarid6stvinxoq","2026-03-19T00:37:24Z"
"spotify:track:7x8dCjCr0x6x2lXKujYD34","The Pretender","spotify:artist:7jy3rLJdDQY21OgRLCZ9sD","Foo Fighters","spotify:album:3ilXDEG0xiajK8AbqboeJz","Echoes, Silence, Patience & Grace","spotify:artist:7jy3rLJdDQY21OgRLCZ9sD","Foo Fighters","2007-09-25","https://i.scdn.co/image/ab67616d0000b2739d957247c6c610cb7c4da1c5","1","1","269306","https://p.scdn.co/mp3-preview/5b81dfb73c71385691801bc0adbbb6cf718bdc1a?cid=9950ac751e34487dbbe027c4fd7f8e99","false","81","USRW30700007","spotify:user:212evkjibuisarid6stvinxoq","2026-03-19T00:37:54Z"
"spotify:track:7pS2OVdIWviLpz5GOtJLzz","Walking After You","spotify:artist:7jy3rLJdDQY21OgRLCZ9sD","Foo Fighters","spotify:album:30ly6F6Xl0TKmyBCU50Khv","The Colour And The Shape","spotify:artist:7jy3rLJdDQY21OgRLCZ9sD","Foo Fighters","1997-05-20","https://i.scdn.co/image/ab67616d0000b2734bc9bcdbdc9ac34e37d8b6bb","1","12","303813","https://p.scdn.co/mp3-preview/fc9d1889461b5543273da30e107cc7c34f42901d?cid=9950ac751e34487dbbe027c4fd7f8e99","false","56","USRW29600012","spotify:user:212evkjibuisarid6stvinxoq","2026-03-19T00:37:57Z"
"spotify:track:2fDVMNQmFuMORDD3dP7GkN","Home","spotify:artist:7jy3rLJdDQY21OgRLCZ9sD","Foo Fighters","spotify:album:3ilXDEG0xiajK8AbqboeJz","Echoes, Silence, Patience & Grace","spotify:artist:7jy3rLJdDQY21OgRLCZ9sD","Foo Fighters","2007-09-25","https://i.scdn.co/image/ab67616d0000b2739d957247c6c610cb7c4da1c5","1","12","293337","https://p.scdn.co/mp3-preview/f2c44b445dec9ca345ca69d30bde86ceb9ad5a4f?cid=9950ac751e34487dbbe027c4fd7f8e99","false","50","USRW30700018","spotify:user:212evkjibuisarid6stvinxoq","2026-03-19T00:38:28Z"
"spotify:track:4SMbJ6BAY9LdudY8v7HJpH","But, Honestly","spotify:artist:7jy3rLJdDQY21OgRLCZ9sD","Foo Fighters","spotify:album:3ilXDEG0xiajK8AbqboeJz","Echoes, Silence, Patience & Grace","spotify:artist:7jy3rLJdDQY21OgRLCZ9sD","Foo Fighters","2007-09-25","https://i.scdn.co/image/ab67616d0000b2739d957247c6c610cb7c4da1c5","1","11","275624","https://p.scdn.co/mp3-preview/44f4085f321eca618359d5806af72206039c6b16?cid=9950ac751e34487dbbe027c4fd7f8e99","false","48","USRW30700017","spotify:user:212evkjibuisarid6stvinxoq","2026-03-19T00:38:33Z"
"spotify:track:2wO8aOvN1ogLy1N8XT1WJE","This Is a Call","spotify:artist:7jy3rLJdDQY21OgRLCZ9sD","Foo Fighters","spotify:album:4EnNuo8fG7dMoxMefbApRY","Foo Fighters","spotify:artist:7jy3rLJdDQY21OgRLCZ9sD","Foo Fighters","1995-07-04","https://i.scdn.co/image/ab67616d0000b27352844939eaf38ec62110fcde","1","1","233360","https://p.scdn.co/mp3-preview/31e03ba51f4580aaf62ce4d05abc12d8010ef2a5?cid=9950ac751e34487dbbe027c4fd7f8e99","false","61","USRW29500014","spotify:user:212evkjibuisarid6stvinxoq","2026-03-19T00:39:04Z"
"spotify:track:44wXefe8WB9Fd6xwtmAwbR","Monkey Wrench","spotify:artist:7jy3rLJdDQY21OgRLCZ9sD","Foo Fighters","spotify:album:30ly6F6Xl0TKmyBCU50Khv","The Colour And The Shape","spotify:artist:7jy3rLJdDQY21OgRLCZ9sD","Foo Fighters","1997-05-20","https://i.scdn.co/image/ab67616d0000b2734bc9bcdbdc9ac34e37d8b6bb","1","2","231480","https://p.scdn.co/mp3-preview/3f31f7aff62d944564cff30e1927bf94610c0bc1?cid=9950ac751e34487dbbe027c4fd7f8e99","false","70","USRW29600001","spotify:user:212evkjibuisarid6stvinxoq","2026-03-19T00:39:11Z"
"spotify:track:2j2XkrTVjq7i9GViOQPROS","Halo","spotify:artist:7jy3rLJdDQY21OgRLCZ9sD","Foo Fighters","spotify:album:1zQ6F8gMagKcPL4SoA80cx","One By One (Expanded Edition)","spotify:artist:7jy3rLJdDQY21OgRLCZ9sD","Foo Fighters","2002-10-22","https://i.scdn.co/image/ab67616d0000b273bfff163b0602156a983fa079","1","7","306520","https://p.scdn.co/mp3-preview/ffd0eb8d3947dac3474efcbe4cc167498adc9bcc?cid=9950ac751e34487dbbe027c4fd7f8e99","true","41","USRW30200008","spotify:user:212evkjibuisarid6stvinxoq","2026-03-19T00:40:00Z"
"spotify:track:0MXosG7BdA9uukm88V7zAD","In The Clear","spotify:artist:7jy3rLJdDQY21OgRLCZ9sD","Foo Fighters","spotify:album:2qwN15acAl3sm3Idce5vK9","Sonic Highways","spotify:artist:7jy3rLJdDQY21OgRLCZ9sD","Foo Fighters","2014-11-09","https://i.scdn.co/image/ab67616d0000b273d12b9349b2ab140c4f6364e0","1","6","243843","https://p.scdn.co/mp3-preview/4a4093f2633e8024efab4bf4c3c99e18820aa9cd?cid=9950ac751e34487dbbe027c4fd7f8e99","false","44","USRW31400007","spotify:user:212evkjibuisarid6stvinxoq","2026-03-19T00:40:02Z"
"spotify:track:10gtVK2wMCv1HzjhHKnFnw","The Last Song","spotify:artist:7jy3rLJdDQY21OgRLCZ9sD","Foo Fighters","spotify:album:2eprpJCYbCbPZRKVGIEJxZ","In Your Honor","spotify:artist:7jy3rLJdDQY21OgRLCZ9sD","Foo Fighters","2005-06-14","https://i.scdn.co/image/ab67616d0000b27350d3fff0dc3d9b55f164d8d6","1","6","201783","https://p.scdn.co/mp3-preview/dfb7e85eebb126e020ea8ec56da787d9c98a81d7?cid=9950ac751e34487dbbe027c4fd7f8e99","false","43","USRW30500010","spotify:user:212evkjibuisarid6stvinxoq","2026-03-19T00:40:22Z"
"spotify:track:5FZxsHWIvUsmSK1IAvm2pp","Best of You","spotify:artist:7jy3rLJdDQY21OgRLCZ9sD","Foo Fighters","spotify:album:2eprpJCYbCbPZRKVGIEJxZ","In Your Honor","spotify:artist:7jy3rLJdDQY21OgRLCZ9sD","Foo Fighters","2005-06-14","https://i.scdn.co/image/ab67616d0000b27350d3fff0dc3d9b55f164d8d6","1","3","255261","https://p.scdn.co/mp3-preview/00687d636a95fc2ba1bb89d74cca532f441a436e?cid=9950ac751e34487dbbe027c4fd7f8e99","false","77","USRW30500001","spotify:user:212evkjibuisarid6stvinxoq","2026-03-19T00:40:37Z"
"spotify:track:6REiraH7Pe3akd0mkFA4l9","Something from Nothing","spotify:artist:7jy3rLJdDQY21OgRLCZ9sD","Foo Fighters","spotify:album:2qwN15acAl3sm3Idce5vK9","Sonic Highways","spotify:artist:7jy3rLJdDQY21OgRLCZ9sD","Foo Fighters","2014-11-09","https://i.scdn.co/image/ab67616d0000b273d12b9349b2ab140c4f6364e0","1","1","288459","https://p.scdn.co/mp3-preview/514076993841c3cb79b9e564fa149ac6c60b6180?cid=9950ac751e34487dbbe027c4fd7f8e99","true","55","USRW31400002","spotify:user:212evkjibuisarid6stvinxoq","2026-03-19T00:40:53Z"
"spotify:track:5BfbdJLRp9gUyyxeGJUECL","Outside","spotify:artist:7jy3rLJdDQY21OgRLCZ9sD","Foo Fighters","spotify:album:2qwN15acAl3sm3Idce5vK9","Sonic Highways","spotify:artist:7jy3rLJdDQY21OgRLCZ9sD","Foo Fighters","2014-11-09","https://i.scdn.co/image/ab67616d0000b273d12b9349b2ab140c4f6364e0","1","5","314568","https://p.scdn.co/mp3-preview/ce27b25ec814538eefc1bd58af04b753801b70ae?cid=9950ac751e34487dbbe027c4fd7f8e99","false","46","USRW31400006","spotify:user:212evkjibuisarid6stvinxoq","2026-03-19T00:41:10Z"
"spotify:track:6BoGT5uLMh5wrOH1PXBlCw","Walking After You","spotify:artist:7mRVAzlt1fAAR9Cut6Rq8c, spotify:artist:7jy3rLJdDQY21OgRLCZ9sD","Dave Grohl, Foo Fighters","spotify:album:60k0hyUtTLyJEWQXIGt9OB","Sing Me to Sleep","spotify:artist:0LyfQWJT6nXafLPZqxe9Of","Various Artists","2015-09-04","https://i.scdn.co/image/ab67616d0000b2730a13a232f2cb262642d1db3e","1","3","304666","https://p.scdn.co/mp3-preview/9956c78d8da7c337a0b74975885602b48d11f1f7?cid=9950ac751e34487dbbe027c4fd7f8e99","false","18","USRW29600012","spotify:user:212evkjibuisarid6stvinxoq","2026-03-19T00:43:04Z"
"spotify:track:3trcjkAjWu8qK60f4lKkGS","What If I Do?","spotify:artist:7jy3rLJdDQY21OgRLCZ9sD","Foo Fighters","spotify:album:2eprpJCYbCbPZRKVGIEJxZ","In Your Honor","spotify:artist:7jy3rLJdDQY21OgRLCZ9sD","Foo Fighters","2005-06-14","https://i.scdn.co/image/ab67616d0000b27350d3fff0dc3d9b55f164d8d6","2","2","302612","https://p.scdn.co/mp3-preview/6c9c22b42d259a225ecf98c485a69400f8063381?cid=9950ac751e34487dbbe027c4fd7f8e99","false","40","USRW30500016","spotify:user:212evkjibuisarid6stvinxoq","2026-03-19T00:43:14Z"
"spotify:track:0M5xRyxGpFFDfzN2x0wdpH","Hey, Johnny Park!","spotify:artist:7jy3rLJdDQY21OgRLCZ9sD","Foo Fighters","spotify:album:30ly6F6Xl0TKmyBCU50Khv","The Colour And The Shape","spotify:artist:7jy3rLJdDQY21OgRLCZ9sD","Foo Fighters","1997-05-20","https://i.scdn.co/image/ab67616d0000b2734bc9bcdbdc9ac34e37d8b6bb","1","3","248266","https://p.scdn.co/mp3-preview/445efd09aae9ea87e627ba37c21df7fef2487ffb?cid=9950ac751e34487dbbe027c4fd7f8e99","false","57","USRW29600003","spotify:user:212evkjibuisarid6stvinxoq","2026-03-19T00:43:43Z"
"spotify:track:1QZFn6QUNHfCp8s06C91hw","DOA","spotify:artist:7jy3rLJdDQY21OgRLCZ9sD","Foo Fighters","spotify:album:2eprpJCYbCbPZRKVGIEJxZ","In Your Honor","spotify:artist:7jy3rLJdDQY21OgRLCZ9sD","Foo Fighters","2005-06-14","https://i.scdn.co/image/ab67616d0000b27350d3fff0dc3d9b55f164d8d6","1","4","251745","https://p.scdn.co/mp3-preview/a2d18db89c3da9fefbb5cd1e9f8dd3059ef63ec3?cid=9950ac751e34487dbbe027c4fd7f8e99","false","58","USRW30500008","spotify:user:212evkjibuisarid6stvinxoq","2026-03-21T06:24:05Z"
"spotify:track:3j8ja2Hq824OaRqIENJPTH","Low","spotify:artist:7jy3rLJdDQY21OgRLCZ9sD","Foo Fighters","spotify:album:1zQ6F8gMagKcPL4SoA80cx","One By One (Expanded Edition)","spotify:artist:7jy3rLJdDQY21OgRLCZ9sD","Foo Fighters","2002-10-22","https://i.scdn.co/image/ab67616d0000b273bfff163b0602156a983fa079","1","2","268306","https://p.scdn.co/mp3-preview/41316ffab7bcbd9556aa8b0d37fbbd3472cec999?cid=9950ac751e34487dbbe027c4fd7f8e99","false","53","USRW30200003","spotify:user:212evkjibuisarid6stvinxoq","2026-03-21T06:24:09Z"
